,pred_A,pred_B,pred_C,pred_D,pred_E,pred_F,pred_G,pred_H,pred_I,pred_J,pred_K,pred_L,pred_M,pred_N,pred_O,pred_P,pred_Q,pred_R,pred_S,pred_T,pred_U,pred_V,pred_W,pred_X,pred_Y,pred_Z
actual_A,2208,0,1,0,0,1,0,0,0,0,0,0,0,0,1,0,0,0,0,0,0,0,0,0,0,8
actual_B,0,2219,0,0,0,0,0,0,0,0,0,0,0,1,0,0,0,0,1,0,0,0,0,0,0,0
actual_C,0,0,2021,0,0,0,0,0,0,0,0,0,0,0,0,0,0,0,0,0,0,0,0,0,0,0
actual_D,0,0,0,2481,0,0,0,0,1,0,0,0,0,0,10,0,0,0,0,0,0,0,0,0,0,0
actual_E,0,1,0,0,2318,0,0,0,0,2,0,0,0,0,0,0,0,0,0,0,0,0,1,0,0,1
actual_F,0,0,0,1,0,2880,0,1,1,0,0,0,0,0,0,0,0,0,0,0,0,0,0,0,0,0
actual_G,0,0,0,0,0,0,2460,6,0,0,0,0,0,0,0,0,0,0,0,0,0,0,0,0,0,0
actual_H,0,0,0,0,0,0,3,2404,0,0,0,0,0,2,0,1,2,0,0,0,0,0,0,0,0,0
actual_I,0,1,0,0,1,0,0,0,2392,0,0,0,1,0,0,0,0,1,2,0,0,0,1,0,0,0
actual_J,0,1,0,0,0,0,0,2,0,2589,0,0,0,0,0,0,0,0,2,0,0,1,0,0,0,0
actual_K,0,0,0,0,0,0,0,0,0,0,2704,0,0,0,0,0,0,2,1,0,0,2,0,0,0,0
actual_L,0,0,0,0,0,0,0,0,0,0,0,2542,0,0,0,0,0,0,0,0,0,0,0,0,0,0
actual_M,1,0,1,0,0,0,0,0,1,0,0,0,1618,20,0,0,0,0,0,0,0,0,0,0,0,0
actual_N,0,0,0,0,0,0,0,0,0,1,0,0,62,1249,0,0,0,2,0,0,1,0,0,0,0,0
actual_O,0,0,2,0,0,0,0,0,0,0,0,0,0,0,2284,0,0,0,0,0,0,0,0,0,0,0
actual_P,0,0,1,0,0,0,0,0,0,0,0,0,0,1,0,2050,2,0,2,0,0,0,1,0,0,0
actual_Q,0,0,0,0,0,0,0,0,0,0,0,0,0,0,0,0,2114,0,0,0,0,0,0,0,0,0
actual_R,0,0,0,0,0,0,0,0,0,0,0,0,0,0,0,0,1,2548,0,0,8,0,1,2,0,0
actual_S,1,0,0,0,3,0,0,0,0,2,0,0,3,0,0,0,0,0,2562,0,2,0,0,0,0,0
actual_T,4,0,0,0,0,0,0,0,0,0,0,0,0,0,0,0,0,0,0,2349,0,0,0,1,0,6
actual_U,0,0,0,0,0,0,0,0,0,0,0,0,0,0,0,0,0,9,1,0,2511,0,3,2,0,0
actual_V,0,0,0,0,0,0,0,0,0,0,2,0,0,0,0,0,0,1,0,0,3,2547,3,0,0,0
actual_W,1,0,0,0,0,0,0,0,0,0,0,0,0,0,0,0,0,2,0,0,0,3,2460,0,0,1
actual_X,3,0,0,0,0,0,0,0,3,0,0,1,0,0,0,0,0,1,2,0,1,0,0,2168,0,2
actual_Y,0,0,0,0,0,0,0,0,0,0,0,0,0,0,0,0,0,0,0,0,0,0,0,0,2601,0
actual_Z,2,0,0,0,1,0,0,0,1,0,0,0,0,0,0,0,0,0,1,2,0,0,0,0,0,2375
